{
    "params": [
        [
            21,
            0.8
        ],
        [
            5
        ],
        [
            5,
            35,
            5
        ],
        [
            20,
            0.3
        ],
        [
            3,
            10,
            30
        ],
        [
            10,
            20
        ],
        [
            7,
            22,
            44
        ],
        [
            21,
            5,
            25,
            75
        ]
    ],
    "indices": [
        12,
        6,
        3,
        14,
        9,
        13,
        11,
        8
    ],
    "scores": [
        4.670082652928131,
        4.022222734663181,
        3.280233238542321,
        2.198488859142895,
        2.0670594484598026,
        1.7532001810233635,
        1.473032377204477,
        1.1825900784127148
    ]
}