{"rule_params": [[1, 7], [1, 7], [27, 50], [1, 7], [1, 3], [1, 7], [1, 50], [3, 35], [1, 1], [3, 5], [7, -20], [3, 95, 90], [7, 0, -20], 61, 1, 50], "rule_scores": [0.03291364499321121, 0.03291364499321121, 0.020359155736703483, 0.03291364499321121, 0.03661344977307184, 0.03291364499321121, 0.05289866417978866, 0.031436788711549, 0.036574158491632584, 0.02901574591667706, 0.029744016390619372, 0.025777850538860423, 0.028227810866528563, 0.009421267916989034, 0.0, 0.010085027849249993], "rule_indices": [6, 4, 8, 5, 3, 1, 0, 7, 10, 9, 12, 11, 2, 15, 13, 14]}