{"rule_params": [[19, 50], [15, 15], [1, 3], [1, 1], [1, 3], [3, 5], [5, 11], [11, 11], [23, 61], [1, 5], [7, -100], [1, 10, 5], [11, -100, -120], 7, 1, 61], "rule_scores": [0.15466885061760038, 0.23028372132919334, 0.15373103625998547, 0.12624460745358457, 0.25067505209806856, 0.1360016565340203, 0.1887802273042768, 0.17411136284989848, 0.12418640968062669, 0.2030969435285664, 0.20564232695079, 0.19492994410870595, 0.1697340873078763, 0.06556256836307822, 0.0, 0.05808502105281075], "rule_indices": [4, 1, 10, 9, 11, 6, 7, 12, 0, 2, 5, 3, 8, 13, 15, 14]}