{
    "params": [
        [
            5,
            0.7
        ],
        [
            10,
            3,
            30,
            70
        ],
        [
            21,
            35,
            65
        ],
        [
            21,
            0.8
        ],
        [
            20,
            1.0
        ]
    ],
    "indices": [
        14,
        8,
        1,
        12,
        7
    ],
    "scores": [
        0.13428574401343368,
        0.10589738202672233,
        0.09476916167951194,
        0.06285091087797057,
        0.049100492245728856
    ]
}