{"rule_params": [[1, 3], [1, 3], [1, 3], [1, 3], [1, 3], [1, 3], [3, 7], [1, 1], [1, 3], [1, 5], [3, 0], [1, 10, 5], [3, 0, -20], 3, 1, 50], "rule_scores": [2.9150515460585398, 2.9150515460585398, 3.1155378970155194, 2.9150515460585398, 3.2194607252028407, 2.9150515460585398, 2.934404048524002, 3.300817297894128, 2.999059430193996, 3.351255529274013, 2.9145743938344957, 3.351255529274013, 2.852499016633983, 1.7619164559940166, 0.0, 0.5278640353770799], "rule_indices": [11, 9, 7, 4, 2, 8, 6, 5, 3, 1, 0, 10, 12, 13, 15, 14]}