{"rule_params": [[1, 3], [1, 3], [1, 3], [1, 3], [1, 3], [1, 3], [1, 61], [1, 1], [1, 3], [1, 5], [3, -40], [1, 10, 5], [3, -20, -40], 7, 1, 15], "rule_scores": [12.398669591506724, 12.398669591506724, 11.945598079394724, 12.398669591506724, 12.668847117363802, 12.398669591506724, 11.511294771780596, 9.357311209546875, 11.89899406715793, 13.91881897180215, 9.908791042337265, 13.91881897180215, 9.867851510205641, 5.314807553791234, 0.0, 2.8261507992106623], "rule_indices": [11, 9, 4, 5, 3, 1, 0, 2, 8, 6, 10, 12, 7, 13, 15, 14]}