{
    "strategy": "Top-10 Rules Strategy",
    "performance": {
        "strategy": {
            "total_return": -0.15033233834437165,
            "annualized_return": -0.001003441193947574,
            "annualized_volatility": 0.0068372700509826915,
            "sharpe_ratio": -0.1467605033098486,
            "max_drawdown": -0.20048528659866027,
            "win_rate": 0.4386677100655385,
            "profit_factor": 0.9671576749120119,
            "number_of_trades": 9389.0
        },
        "buy_and_hold": {
            "total_return": -0.04789861938279949,
            "annualized_return": -0.0003024365741393087,
            "annualized_volatility": 0.007319312213344578,
            "sharpe_ratio": -0.041320354334373935,
            "max_drawdown": -0.10786261963376198,
            "win_rate": 0.49657634745182433,
            "profit_factor": 0.9909407486076056,
            "number_of_trades": 0
        }
    }
}