{
    "strategy": "Top-8 Rules Strategy",
    "performance": {
        "strategy": {
            "number_of_trades": 4456.5,
            "total_return": 0.16617395000501345,
            "annualized_return": 0.0012638648118279416,
            "annualized_volatility": 0.007697636316693536,
            "sharpe_ratio": 0.16418868855716812,
            "max_drawdown": -0.06651942775382202,
            "win_rate": 0.5092502434274586,
            "profit_factor": 1.0383051461844182
        },
        "buy_and_hold": {
            "number_of_trades": 0,
            "total_return": 0.0,
            "annualized_return": 0.0,
            "annualized_volatility": 0.0,
            "sharpe_ratio": 0.0,
            "max_drawdown": 0.0,
            "win_rate": 0.0,
            "profit_factor": 0.0
        }
    }
}