{
    "strategy": "Top-5 Rules Strategy",
    "performance": {
        "strategy": {
            "total_return": 38.786208036619044,
            "annualized_return": 2.7733545519045237,
            "annualized_volatility": 0.17404335561254083,
            "sharpe_ratio": 15.934848774569867,
            "max_drawdown": -0.0465430301012999,
            "win_rate": 0.6809728183118741,
            "profit_factor": 3.355700642172372,
            "number_of_trades": 234.0
        },
        "buy_and_hold": {
            "total_return": 0.1468920912871079,
            "annualized_return": 0.05065172103503124,
            "annualized_volatility": 0.19307867712921495,
            "sharpe_ratio": 0.2623372077546054,
            "max_drawdown": -0.10710254991448176,
            "win_rate": 0.5035765379113019,
            "profit_factor": 1.0410728450049753,
            "number_of_trades": 0
        }
    }
}