{"rule_params": [[1, 3], [1, 3], [1, 3], [1, 3], [1, 3], [1, 3], [1, 61], [1, 1], [1, 3], [1, 5], [3, -40], [1, 10, 5], [3, 40, -40], 7, 1, 15], "rule_scores": [16.359409113222263, 16.359409113222263, 15.781316640518167, 16.359409113222263, 16.71193374455732, 16.359409113222263, 15.233792304249526, 12.334456304478417, 15.686821456349087, 18.363902885041103, 13.048782319982598, 18.363902885041103, 12.999949253691002, 7.070262660984293, 0.0, 3.6788264115019578], "rule_indices": [11, 9, 4, 5, 3, 1, 0, 2, 8, 6, 10, 12, 7, 13, 15, 14]}


Optimized weights: [-0.07564339  0.15501396  0.27898327  0.32930997 -0.16104941]
