{
    "strategy": "Top-5 Rules Strategy",
    "performance": {
        "strategy": {
            "total_return": -0.03266529927195383,
            "annualized_return": -0.0004092433230901138,
            "annualized_volatility": 0.007916237625132914,
            "sharpe_ratio": -0.05169669513088203,
            "max_drawdown": -0.15824004971848205,
            "win_rate": 0.4884084906583195,
            "profit_factor": 0.9895316847858572,
            "number_of_trades": 4704.5
        },
        "buy_and_hold": {
            "total_return": -0.05640793467144378,
            "annualized_return": -0.0007153586907591158,
            "annualized_volatility": 0.008054664117377755,
            "sharpe_ratio": -0.08881297597695548,
            "max_drawdown": -0.10786261963376576,
            "win_rate": 0.49823926440379535,
            "profit_factor": 0.9818591797897452,
            "number_of_trades": 0
        }
    }
}